<?xml version="1.0" encoding="UTF-8" standalone="no"?> 
<part_info part_name="xc7z007sclg225-1">
<pins>
  <pin index="0" name ="pl_sw_1bit_tri_i" iostandard="LVCMOS33" loc="D19"/>
  <pin index="0" name ="pl_led_r_tri_o" iostandard="LVCMOS33" loc="W14"/>
  <pin index="0" name ="pl_led_g_tri_o" iostandard="LVCMOS33" loc="W13"/>
  <pin index="11" name ="JA1" iostandard="LVCMOS33" loc="H16"/>
  <pin index="12" name ="JA2" iostandard="LVCMOS33" loc="B19"/>
  <pin index="13" name ="JA3" iostandard="LVCMOS33" loc="B20"/>
  <pin index="14" name ="JA4" iostandard="LVCMOS33" loc="C20"/>
  <pin index="15" name ="JA7" iostandard="LVCMOS33" loc="H17"/>
  <pin index="16" name ="JA8" iostandard="LVCMOS33" loc="D20"/>
  <pin index="17" name ="JA9" iostandard="LVCMOS33" loc="D18"/>
  <pin index="18" name ="JA10" iostandard="LVCMOS33" loc="H18"/>
</pins>
</part_info>
